{"best_score": 0.19299683057916373, "epoch": 19.0, "train_loss": 0.1863137815873294, "lr": 2e-06, "val_loss": 0.2060652392115993, "best_val_loss": 0.19299683057916373, "_timestamp": 1698730787.0488667, "_runtime": 13024.068050861359, "_step": 18, "_wandb": {"runtime": 13023}}